[
  {"name": {"common": "Afghanistan"}, "capital": ["Kabul"], "population": 40000000, "area": 652230},
  {"name": {"common": "Albania"}, "capital": ["Tirana"], "population": 2800000, "area": 28748},
  {"name": {"common": "Algeria"}, "capital": ["Algiers"], "population": 44000000, "area": 2381741},
  {"name": {"common": "Andorra"}, "capital": ["Andorra la Vella"], "population": 77000, "area": 468},
  {"name": {"common": "Angola"}, "capital": ["Luanda"], "population": 33000000, "area": 1246700},
  {"name": {"common": "Antigua and Barbuda"}, "capital": ["Saint John's"], "population": 98000, "area": 442},
  {"name": {"common": "Argentina"}, "capital": ["Buenos Aires"], "population": 45000000, "area": 2780400},
  {"name": {"common": "Armenia"}, "capital": ["Yerevan"], "population": 3000000, "area": 29743},
  {"name": {"common": "Australia"}, "capital": ["Canberra"], "population": 25600000, "area": 7692024},
  {"name": {"common": "Austria"}, "capital": ["Vienna"], "population": 9000000, "area": 83871},
  {"name": {"common": "Azerbaijan"}, "capital": ["Baku"], "population": 10000000, "area": 86600},
  {"name": {"common": "Bahamas"}, "capital": ["Nassau"], "population": 393000, "area": 13880},
  {"name": {"common": "Bahrain"}, "capital": ["Manama"], "population": 1700000, "area": 760},
  {"name": {"common": "Bangladesh"}, "capital": ["Dhaka"], "population": 165000000, "area": 147570},
  {"name": {"common": "Barbados"}, "capital": ["Bridgetown"], "population": 287000, "area": 430},
  {"name": {"common": "Belarus"}, "capital": ["Minsk"], "population": 9400000, "area": 207600},
  {"name": {"common": "Belgium"}, "capital": ["Brussels"], "population": 11500000, "area": 30528},
  {"name": {"common": "Belize"}, "capital": ["Belmopan"], "population": 400000, "area": 22966},
  {"name": {"common": "Benin"}, "capital": ["Porto-Novo"], "population": 12000000, "area": 112622},
  {"name": {"common": "Bhutan"}, "capital": ["Thimphu"], "population": 770000, "area": 38394},
  {"name": {"common": "Bolivia"}, "capital": ["Sucre"], "population": 11600000, "area": 1098581},
  {"name": {"common": "Bosnia and Herzegovina"}, "capital": ["Sarajevo"], "population": 3300000, "area": 51197},
  {"name": {"common": "Botswana"}, "capital": ["Gaborone"], "population": 2300000, "area": 581730},
  {"name": {"common": "Brazil"}, "capital": ["Brasília"], "population": 212000000, "area": 8515767},
  {"name": {"common": "Brunei"}, "capital": ["Bandar Seri Begawan"], "population": 440000, "area": 5765},
  {"name": {"common": "Bulgaria"}, "capital": ["Sofia"], "population": 6900000, "area": 110879},
  {"name": {"common": "Burkina Faso"}, "capital": ["Ouagadougou"], "population": 21000000, "area": 274200},
  {"name": {"common": "Burundi"}, "capital": ["Gitega"], "population": 12000000, "area": 27834},
  {"name": {"common": "Cabo Verde"}, "capital": ["Praia"], "population": 556000, "area": 4033},
  {"name": {"common": "Cambodia"}, "capital": ["Phnom Penh"], "population": 16700000, "area": 181035},
  {"name": {"common": "Cameroon"}, "capital": ["Yaoundé"], "population": 26500000, "area": 475442},
  {"name": {"common": "Canada"}, "capital": ["Ottawa"], "population": 38000000, "area": 9984670},
  {"name": {"common": "Central African Republic"}, "capital": ["Bangui"], "population": 4800000, "area": 622984},
  {"name": {"common": "Chad"}, "capital": ["N'Djamena"], "population": 16400000, "area": 1284000},
  {"name": {"common": "Chile"}, "capital": ["Santiago"], "population": 19000000, "area": 756102},
  {"name": {"common": "China"}, "capital": ["Beijing"], "population": 1440000000, "area": 9596961},
  {"name": {"common": "Colombia"}, "capital": ["Bogotá"], "population": 51000000, "area": 1141748},
  {"name": {"common": "Comoros"}, "capital": ["Moroni"], "population": 870000, "area": 1862},
  {"name": {"common": "Congo"}, "capital": ["Brazzaville"], "population": 5500000, "area": 342000},
  {"name": {"common": "Costa Rica"}, "capital": ["San José"], "population": 5100000, "area": 51100},
  {"name": {"common": "Croatia"}, "capital": ["Zagreb"], "population": 4000000, "area": 56594},
  {"name": {"common": "Cuba"}, "capital": ["Havana"], "population": 11300000, "area": 109884},
  {"name": {"common": "Cyprus"}, "capital": ["Nicosia"], "population": 1200000, "area": 9251},
  {"name": {"common": "Czech Republic"}, "capital": ["Prague"], "population": 10700000, "area": 78865},
  {"name": {"common": "Denmark"}, "capital": ["Copenhagen"], "population": 5800000, "area": 43094},
  {"name": {"common": "Djibouti"}, "capital": ["Djibouti"], "population": 1000000, "area": 23200},
  {"name": {"common": "Dominica"}, "capital": ["Roseau"], "population": 72000, "area": 751},
  {"name": {"common": "Dominican Republic"}, "capital": ["Santo Domingo"], "population": 10800000, "area": 48671},
  {"name": {"common": "Ecuador"}, "capital": ["Quito"], "population": 17600000, "area": 283561},
  {"name": {"common": "Egypt"}, "capital": ["Cairo"], "population": 102000000, "area": 1010408},
  {"name": {"common": "El Salvador"}, "capital": ["San Salvador"], "population": 6500000, "area": 21041},
  {"name": {"common": "Equatorial Guinea"}, "capital": ["Malabo"], "population": 1400000, "area": 28051},
  {"name": {"common": "Eritrea"}, "capital": ["Asmara"], "population": 3500000, "area": 117600},
  {"name": {"common": "Estonia"}, "capital": ["Tallinn"], "population": 1300000, "area": 45227},
  {"name": {"common": "Eswatini"}, "capital": ["Mbabane"], "population": 1160000, "area": 17364},
  {"name": {"common": "Ethiopia"}, "capital": ["Addis Ababa"], "population": 115000000, "area": 1104300},
  {"name": {"common": "Fiji"}, "capital": ["Suva"], "population": 900000, "area": 18274},
  {"name": {"common": "Finland"}, "capital": ["Helsinki"], "population": 5500000, "area": 338424},
  {"name": {"common": "France"}, "capital": ["Paris"], "population": 67000000, "area": 643801},
  {"name": {"common": "Gabon"}, "capital": ["Libreville"], "population": 2200000, "area": 267668},
  {"name": {"common": "Gambia"}, "capital": ["Banjul"], "population": 2400000, "area": 10689},
  {"name": {"common": "Georgia"}, "capital": ["Tbilisi"], "population": 3700000, "area": 69700},
  {"name": {"common": "Germany"}, "capital": ["Berlin"], "population": 83000000, "area": 357022},
  {"name": {"common": "Ghana"}, "capital": ["Accra"], "population": 31000000, "area": 238533},
  {"name": {"common": "Greece"}, "capital": ["Athens"], "population": 10700000, "area": 131957},
  {"name": {"common": "Grenada"}, "capital": ["St. George's"], "population": 112000, "area": 344},
  {"name": {"common": "Guatemala"}, "capital": ["Guatemala City"], "population": 17900000, "area": 108889},
  {"name": {"common": "Guinea"}, "capital": ["Conakry"], "population": 13000000, "area": 245857},
  {"name": {"common": "Guinea-Bissau"}, "capital": ["Bissau"], "population": 2000000, "area": 36125},
  {"name": {"common": "Guyana"}, "capital": ["Georgetown"], "population": 786000, "area": 214969},
  {"name": {"common": "Haiti"}, "capital": ["Port-au-Prince"], "population": 11400000, "area": 27750},
  {"name": {"common": "Honduras"}, "capital": ["Tegucigalpa"], "population": 9900000, "area": 112492},
  {"name": {"common": "Hungary"}, "capital": ["Budapest"], "population": 9700000, "area": 93028},
  {"name": {"common": "Iceland"}, "capital": ["Reykjavik"], "population": 366000, "area": 103000},
  {"name": {"common": "India"}, "capital": ["New Delhi"], "population": 1380000000, "area": 3287263},
  {"name": {"common": "Indonesia"}, "capital": ["Jakarta"], "population": 273000000, "area": 1904569},
  {"name": {"common": "Iran"}, "capital": ["Tehran"], "population": 84000000, "area": 1648195},
  {"name": {"common": "Iraq"}, "capital": ["Baghdad"], "population": 40000000, "area": 438317},
  {"name": {"common": "Ireland"}, "capital": ["Dublin"], "population": 5000000, "area": 70273},
  {"name": {"common": "Israel"}, "capital": ["Jerusalem"], "population": 9200000, "area": 20770},
  {"name": {"common": "Italy"}, "capital": ["Rome"], "population": 60000000, "area": 301340},
  {"name": {"common": "Jamaica"}, "capital": ["Kingston"], "population": 2960000, "area": 10991},
  {"name": {"common": "Japan"}, "capital": ["Tokyo"], "population": 126000000, "area": 377975},
  {"name": {"common": "Jordan"}, "capital": ["Amman"], "population": 10200000, "area": 89342},
  {"name": {"common": "Kazakhstan"}, "capital": ["Astana"], "population": 18700000, "area": 2724900},
  {"name": {"common": "Kenya"}, "capital": ["Nairobi"], "population": 53700000, "area": 580367},
  {"name": {"common": "Kiribati"}, "capital": ["South Tarawa"], "population": 119000, "area": 811},
  {"name": {"common": "Korea (North)"}, "capital": ["Pyongyang"], "population": 25700000, "area": 120538},
  {"name": {"common": "Korea (South)"}, "capital": ["Seoul"], "population": 51700000, "area": 100210},
  {"name": {"common": "Kuwait"}, "capital": ["Kuwait City"], "population": 4200000, "area": 17818},
  {"name": {"common": "Kyrgyzstan"}, "capital": ["Bishkek"], "population": 6500000, "area": 199951},
  {"name": {"common": "Laos"}, "capital": ["Vientiane"], "population": 7200000, "area": 236800},
  {"name": {"common": "Latvia"}, "capital": ["Riga"], "population": 1900000, "area": 64589},
  {"name": {"common": "Lebanon"}, "capital": ["Beirut"], "population": 6800000, "area": 10452},
  {"name": {"common": "Lesotho"}, "capital": ["Maseru"], "population": 2100000, "area": 30355},
  {"name": {"common": "Liberia"}, "capital": ["Monrovia"], "population": 5000000, "area": 111369},
  {"name": {"common": "Libya"}, "capital": ["Tripoli"], "population": 6800000, "area": 1759540},
  {"name": {"common": "Liechtenstein"}, "capital": ["Vaduz"], "population": 38000, "area": 160},
  {"name": {"common": "Lithuania"}, "capital": ["Vilnius"], "population": 2800000, "area": 65300},
  {"name": {"common": "Luxembourg"}, "capital": ["Luxembourg"], "population": 630000, "area": 2586},
  {"name": {"common": "Madagascar"}, "capital": ["Antananarivo"], "population": 27600000, "area": 587041},
  {"name": {"common": "Malawi"}, "capital": ["Lilongwe"], "population": 19000000, "area": 118484},
  {"name": {"common": "Malaysia"}, "capital": ["Kuala Lumpur"], "population": 32300000, "area": 330803},
  {"name": {"common": "Maldives"}, "capital": ["Malé"], "population": 540000, "area": 300},
  {"name": {"common": "Mali"}, "capital": ["Bamako"], "population": 20000000, "area": 1240192},
  {"name": {"common": "Malta"}, "capital": ["Valletta"], "population": 525000, "area": 316},
  {"name": {"common": "Marshall Islands"}, "capital": ["Majuro"], "population": 59000, "area": 181},
  {"name": {"common": "Mauritania"}, "capital": ["Nouakchott"], "population": 4600000, "area": 1030700},
  {"name": {"common": "Mauritius"}, "capital": ["Port Louis"], "population": 1260000, "area": 2040},
  {"name": {"common": "Mexico"}, "capital": ["Mexico City"], "population": 128000000, "area": 1964375},
  {"name": {"common": "Micronesia"}, "capital": ["Palikir"], "population": 115000, "area": 702},
  {"name": {"common": "Moldova"}, "capital": ["Chisinau"], "population": 2600000, "area": 33846},
  {"name": {"common": "Monaco"}, "capital": ["Monaco"], "population": 39000, "area": 2},
  {"name": {"common": "Mongolia"}, "capital": ["Ulaanbaatar"], "population": 3300000, "area": 1564110},
  {"name": {"common": "Montenegro"}, "capital": ["Podgorica"], "population": 620000, "area": 13812},
  {"name": {"common": "Morocco"}, "capital": ["Rabat"], "population": 37000000, "area": 446550},
  {"name": {"common": "Mozambique"}, "capital": ["Maputo"], "population": 31000000, "area": 801590},
  {"name": {"common": "Myanmar"}, "capital": ["Naypyidaw"], "population": 54000000, "area": 676578},
  {"name": {"common": "Namibia"}, "capital": ["Windhoek"], "population": 2500000, "area": 825615},
  {"name": {"common": "Nauru"}, "capital": ["Yaren"], "population": 10000, "area": 21},
  {"name": {"common": "Nepal"}, "capital": ["Kathmandu"], "population": 29000000, "area": 147181},
  {"name": {"common": "Netherlands"}, "capital": ["Amsterdam"], "population": 17400000, "area": 41543},
  {"name": {"common": "New Zealand"}, "capital": ["Wellington"], "population": 5000000, "area": 268021},
  {"name": {"common": "Nicaragua"}, "capital": ["Managua"], "population": 6600000, "area": 130373},
  {"name": {"common": "Niger"}, "capital": ["Niamey"], "population": 24000000, "area": 1267000},
  {"name": {"common": "Nigeria"}, "capital": ["Abuja"], "population": 206000000, "area": 923768},
  {"name": {"common": "North Macedonia"}, "capital": ["Skopje"], "population": 2080000, "area": 25713},
  {"name": {"common": "Norway"}, "capital": ["Oslo"], "population": 5400000, "area": 385207},
  {"name": {"common": "Oman"}, "capital": ["Muscat"], "population": 5100000, "area": 309500},
  {"name": {"common": "Pakistan"}, "capital": ["Islamabad"], "population": 220000000, "area": 881912},
  {"name": {"common": "Palau"}, "capital": ["Ngerulmud"], "population": 18000, "area": 459},
  {"name": {"common": "Panama"}, "capital": ["Panama City"], "population": 4300000, "area": 75417},
  {"name": {"common": "Papua New Guinea"}, "capital": ["Port Moresby"], "population": 8900000, "area": 462840},
  {"name": {"common": "Paraguay"}, "capital": ["Asunción"], "population": 7100000, "area": 406752},
  {"name": {"common": "Peru"}, "capital": ["Lima"], "population": 33000000, "area": 1285216},
  {"name": {"common": "Philippines"}, "capital": ["Manila"], "population": 109000000, "area": 300000},
  {"name": {"common": "Poland"}, "capital": ["Warsaw"], "population": 38000000, "area": 312696},
  {"name": {"common": "Portugal"}, "capital": ["Lisbon"], "population": 10300000, "area": 92090},
  {"name": {"common": "Qatar"}, "capital": ["Doha"], "population": 2800000, "area": 11586},
  {"name": {"common": "Romania"}, "capital": ["Bucharest"], "population": 19200000, "area": 238391},
  {"name": {"common": "Russia"}, "capital": ["Moscow"], "population": 144000000, "area": 17098242},
  {"name": {"common": "Rwanda"}, "capital": ["Kigali"], "population": 13000000, "area": 26338},
  {"name": {"common": "Saint Kitts and Nevis"}, "capital": ["Basseterre"], "population": 53000, "area": 261},
  {"name": {"common": "Saint Lucia"}, "capital": ["Castries"], "population": 183000, "area": 616},
  {"name": {"common": "Saint Vincent and the Grenadines"}, "capital": ["Kingstown"], "population": 110000, "area": 389},
  {"name": {"common": "Samoa"}, "capital": ["Apia"], "population": 198000, "area": 2842},
  {"name": {"common": "San Marino"}, "capital": ["San Marino"], "population": 34000, "area": 61},
  {"name": {"common": "São Tomé and Príncipe"}, "capital": ["São Tomé"], "population": 219000, "area": 964},
  {"name": {"common": "Saudi Arabia"}, "capital": ["Riyadh"], "population": 34800000, "area": 2149690},
  {"name": {"common": "Senegal"}, "capital": ["Dakar"], "population": 16700000, "area": 196722},
  {"name": {"common": "Serbia"}, "capital": ["Belgrade"], "population": 6900000, "area": 88361},
  {"name": {"common": "Seychelles"}, "capital": ["Victoria"], "population": 98000, "area": 452},
  {"name": {"common": "Sierra Leone"}, "capital": ["Freetown"], "population": 7900000, "area": 71740},
  {"name": {"common": "Singapore"}, "capital": ["Singapore"], "population": 5700000, "area": 728},
  {"name": {"common": "Slovakia"}, "capital": ["Bratislava"], "population": 5400000, "area": 49035},
  {"name": {"common": "Slovenia"}, "capital": ["Ljubljana"], "population": 2100000, "area": 20273},
  {"name": {"common": "Solomon Islands"}, "capital": ["Honiara"], "population": 686000, "area": 28896},
  {"name": {"common": "Somalia"}, "capital": ["Mogadishu"], "population": 15800000, "area": 637657},
  {"name": {"common": "South Africa"}, "capital": ["Pretoria"], "population": 59000000, "area": 1221037},
  {"name": {"common": "South Sudan"}, "capital": ["Juba"], "population": 11000000, "area": 619745},
  {"name": {"common": "Spain"}, "capital": ["Madrid"], "population": 47000000, "area": 505990},
  {"name": {"common": "Sri Lanka"}, "capital": ["Colombo"], "population": 21900000, "area": 65610},
  {"name": {"common": "Sudan"}, "capital": ["Khartoum"], "population": 43800000, "area": 1886068},
  {"name": {"common": "Suriname"}, "capital": ["Paramaribo"], "population": 586000, "area": 163820},
  {"name": {"common": "Sweden"}, "capital": ["Stockholm"], "population": 10300000, "area": 450295},
  {"name": {"common": "Switzerland"}, "capital": ["Bern"], "population": 8600000, "area": 41284},
  {"name": {"common": "Syria"}, "capital": ["Damascus"], "population": 17500000, "area": 185180},
  {"name": {"common": "Tajikistan"}, "capital": ["Dushanbe"], "population": 9500000, "area": 143100},
  {"name": {"common": "Tanzania"}, "capital": ["Dodoma"], "population": 59000000, "area": 945087},
  {"name": {"common": "Thailand"}, "capital": ["Bangkok"], "population": 69800000, "area": 513120},
  {"name": {"common": "Timor-Leste"}, "capital": ["Dili"], "population": 1300000, "area": 14874},
  {"name": {"common": "Togo"}, "capital": ["Lomé"], "population": 8200000, "area": 56785},
  {"name": {"common": "Tonga"}, "capital": ["Nuku'alofa"], "population": 105000, "area": 747},
  {"name": {"common": "Trinidad and Tobago"}, "capital": ["Port of Spain"], "population": 1400000, "area": 5130},
  {"name": {"common": "Tunisia"}, "capital": ["Tunis"], "population": 11800000, "area": 163610},
  {"name": {"common": "Turkey"}, "capital": ["Ankara"], "population": 84000000, "area": 783562},
  {"name": {"common": "Turkmenistan"}, "capital": ["Ashgabat"], "population": 6000000, "area": 488100},
  {"name": {"common": "Tuvalu"}, "capital": ["Funafuti"], "population": 11000, "area": 26},
  {"name": {"common": "Uganda"}, "capital": ["Kampala"], "population": 45700000, "area": 241550},
  {"name": {"common": "Ukraine"}, "capital": ["Kyiv"], "population": 43700000, "area": 603500},
  {"name": {"common": "United Arab Emirates"}, "capital": ["Abu Dhabi"], "population": 9800000, "area": 83600},
  {"name": {"common": "United Kingdom"}, "capital": ["London"], "population": 67000000, "area": 242495},
  {"name": {"common": "United States"}, "capital": ["Washington, D.C."], "population": 331000000, "area": 9833520},
  {"name": {"common": "Uruguay"}, "capital": ["Montevideo"], "population": 3500000, "area": 176215},
  {"name": {"common": "Uzbekistan"}, "capital": ["Tashkent"], "population": 34000000, "area": 447400},
  {"name": {"common": "Vanuatu"}, "capital": ["Port Vila"], "population": 307000, "area": 12189},
  {"name": {"common": "Vatican City"}, "capital": ["Vatican City"], "population": 800, "area": 0.44},
  {"name": {"common": "Venezuela"}, "capital": ["Caracas"], "population": 28400000, "area": 916445},
  {"name": {"common": "Vietnam"}, "capital": ["Hanoi"], "population": 97000000, "area": 331212},
  {"name": {"common": "Yemen"}, "capital": ["Sana'a"], "population": 29800000, "area": 527968},
  {"name": {"common": "Zambia"}, "capital": ["Lusaka"], "population": 18300000, "area": 752612},
  {"name": {"common": "Zimbabwe"}, "capital": ["Harare"], "population": 14800000, "area": 390757},
  {"name": {"common": "State of Palestine"}, "capital": ["Ramallah"], "population": 5100000, "area": 6020}
]
